company,ticker,cik,fiscal_year,fiscal_period,period_start,period_end,revenue,revenue_tag,operating_income,operating_income_tag,total_debt,total_debt_tag,cash,cash_tag,subscribers,source_accn,source_form,filed_date,data_caveat
"Charter Communications, Inc.",CHTR,0001091667,2009,Q4,2009-10-01,2009-12-31,,,,,,,709000000.0,CashAndCashEquivalentsAtCarryingValue,,0001091667-13-000020,10-K,2013-02-22,
"Charter Communications, Inc.",CHTR,0001091667,2010,Q1,2010-01-01,2010-03-31,1735000000.0,Revenues,251000000.0,OperatingIncomeLoss,,,,,,0001091667-11-000085,10-Q,2011-05-03,
"Charter Communications, Inc.",CHTR,0001091667,2010,Q2,2010-04-01,2010-06-30,1771000000.0,Revenues,254000000.0,OperatingIncomeLoss,12620000000.0,LongTermDebtNoncurrent,166000000.0,CashAndCashEquivalentsAtCarryingValue,,0001091667-11-000105,10-Q/A,2011-08-02,
"Charter Communications, Inc.",CHTR,0001091667,2010,Q3,2010-07-01,2010-09-30,1769000000.0,Revenues,240000000.0,OperatingIncomeLoss,,,,,,0001091667-11-000140,10-Q,2011-11-01,
"Charter Communications, Inc.",CHTR,0001091667,2010,Q4,2010-10-01,2010-12-31,1784000000.0,derived:FY(Revenues)-Q1-Q3,279000000.0,derived:FY(OperatingIncomeLoss)-Q1-Q3,12306000000.0,LongTermDebt,4000000.0,CashAndCashEquivalentsAtCarryingValue,,0001091667-13-000020,10-K,2013-02-22,
"Charter Communications, Inc.",CHTR,0001091667,2011,Q1,2011-01-01,2011-03-31,1770000000.0,Revenues,269000000.0,OperatingIncomeLoss,12554000000.0,LongTermDebtNoncurrent,26000000.0,CashAndCashEquivalentsAtCarryingValue,,0001091667-13-000020,10-K,2013-02-22,
"Charter Communications, Inc.",CHTR,0001091667,2011,Q2,2011-04-01,2011-06-30,1791000000.0,Revenues,270000000.0,OperatingIncomeLoss,12620000000.0,LongTermDebt,166000000.0,CashAndCashEquivalentsAtCarryingValue,,0001091667-13-000020,10-K,2013-02-22,
"Charter Communications, Inc.",CHTR,0001091667,2011,Q3,2011-07-01,2011-09-30,1809000000.0,Revenues,237000000.0,OperatingIncomeLoss,12581000000.0,LongTermDebtNoncurrent,2000000.0,CashAndCashEquivalentsAtCarryingValue [RECAST],,0001091667-13-000020,10-K,2013-02-22,
"Charter Communications, Inc.",CHTR,0001091667,2011,Q4,2011-10-01,2011-12-31,1834000000.0,derived:FY(Revenues)-Q1-Q3,265000000.0,derived:FY(OperatingIncomeLoss)-Q1-Q3,12856000000.0,LongTermDebtNoncurrent,2000000.0,CashAndCashEquivalentsAtCarryingValue,,0001091667-14-000080,10-K,2014-02-21,
"Charter Communications, Inc.",CHTR,0001091667,2012,Q1,2012-01-01,2012-03-31,1827000000.0,Revenues,230000000.0,OperatingIncomeLoss,12802000000.0,LongTermDebtNoncurrent,4000000.0,CashAndCashEquivalentsAtCarryingValue,,0001091667-14-000080,10-K,2014-02-21,
"Charter Communications, Inc.",CHTR,0001091667,2012,Q2,2012-04-01,2012-06-30,1884000000.0,Revenues,269000000.0,OperatingIncomeLoss,12786000000.0,LongTermDebtNoncurrent,5000000.0,CashAndCashEquivalentsAtCarryingValue,,0001091667-14-000080,10-K,2014-02-21,
"Charter Communications, Inc.",CHTR,0001091667,2012,Q3,2012-07-01,2012-09-30,1880000000.0,Revenues,211000000.0,OperatingIncomeLoss,12820000000.0,LongTermDebtNoncurrent,868000000.0,CashAndCashEquivalentsAtCarryingValue,,0001091667-14-000080,10-K,2014-02-21,
"Charter Communications, Inc.",CHTR,0001091667,2012,Q4,2012-10-01,2012-12-31,1913000000.0,derived:FY(Revenues)-Q1-Q3,205000000.0,derived:FY(OperatingIncomeLoss)-Q1-Q3,12808000000.0,LongTermDebtNoncurrent,7000000.0,CashAndCashEquivalentsAtCarryingValue,,0001091667-15-000049,10-K,2015-02-24,
"Charter Communications, Inc.",CHTR,0001091667,2013,Q1,2013-01-01,2013-03-31,1917000000.0,Revenues,222000000.0,OperatingIncomeLoss,12816000000.0,LongTermDebtNoncurrent,65000000.0,CashAndCashEquivalentsAtCarryingValue,,0001091667-15-000049,10-K,2015-02-24,
"Charter Communications, Inc.",CHTR,0001091667,2013,Q2,2013-04-01,2013-06-30,1972000000.0,Revenues,234000000.0,OperatingIncomeLoss,12812000000.0,LongTermDebtNoncurrent,44000000.0,CashAndCashEquivalentsAtCarryingValue,,0001091667-15-000049,10-K,2015-02-24,
"Charter Communications, Inc.",CHTR,0001091667,2013,Q3,2013-07-01,2013-09-30,2118000000.0,Revenues,209000000.0,OperatingIncomeLoss,14306000000.0,LongTermDebtNoncurrent,41000000.0,CashAndCashEquivalentsAtCarryingValue,,0001091667-15-000049,10-K,2015-02-24,
"Charter Communications, Inc.",CHTR,0001091667,2013,Q4,2013-10-01,2013-12-31,2148000000.0,derived:FY(Revenues)-Q1-Q3,244000000.0,derived:FY(OperatingIncomeLoss)-Q1-Q3,14181000000.0,LongTermDebtNoncurrent,21000000.0,CashAndCashEquivalentsAtCarryingValue,,0001091667-16-000396,10-K,2016-02-10,
"Charter Communications, Inc.",CHTR,0001091667,2014,Q1,2014-01-01,2014-03-31,2202000000.0,Revenues,240000000.0,OperatingIncomeLoss,14090000000.0,LongTermDebtNoncurrent,4000000.0,CashAndCashEquivalentsAtCarryingValue,,0001091667-16-000396,10-K,2016-02-10,
"Charter Communications, Inc.",CHTR,0001091667,2014,Q2,2014-04-01,2014-06-30,2259000000.0,Revenues,236000000.0,OperatingIncomeLoss,14019000000.0,LongTermDebtNoncurrent,9000000.0,CashAndCashEquivalentsAtCarryingValue,,0001091667-16-000396,10-K,2016-02-10,
"Charter Communications, Inc.",CHTR,0001091667,2014,Q3,2014-07-01,2014-09-30,2287000000.0,Revenues,218000000.0,OperatingIncomeLoss,17595000000.0,LongTermDebtNoncurrent,10000000.0,CashAndCashEquivalentsAtCarryingValue,,0001091667-16-000396,10-K,2016-02-10,
"Charter Communications, Inc.",CHTR,0001091667,2014,Q4,2014-10-01,2014-12-31,2360000000.0,derived:FY(Revenues)-Q1-Q3,277000000.0,derived:FY(OperatingIncomeLoss)-Q1-Q3,20887000000.0,LongTermDebt,3000000.0,CashAndCashEquivalentsAtCarryingValue,,0001091667-17-000030,10-K,2017-02-16,
"Charter Communications, Inc.",CHTR,0001091667,2015,Q1,2015-01-01,2015-03-31,2362000000.0,Revenues,249000000.0,OperatingIncomeLoss,20964000000.0,LongTermDebt,20000000.0,CashAndCashEquivalentsAtCarryingValue,,0001091667-17-000030,10-K,2017-02-16,
"Charter Communications, Inc.",CHTR,0001091667,2015,Q2,2015-04-01,2015-06-30,2430000000.0,Revenues,269000000.0,OperatingIncomeLoss,13896000000.0,LongTermDebt,30000000.0,CashAndCashEquivalentsAtCarryingValue,,0001091667-17-000030,10-K,2017-02-16,
"Charter Communications, Inc.",CHTR,0001091667,2015,Q3,2015-07-01,2015-09-30,2450000000.0,Revenues,273000000.0,OperatingIncomeLoss,33281000000.0,LongTermDebt,0.0,CashAndCashEquivalentsAtCarryingValue,,0001091667-17-000030,10-K,2017-02-16,
"Charter Communications, Inc.",CHTR,0001091667,2015,Q4,2015-10-01,2015-12-31,2512000000.0,derived:FY(Revenues)-Q1-Q3,323000000.0,derived:FY(OperatingIncomeLoss)-Q1-Q3,35723000000.0,LongTermDebt,5000000.0,CashAndCashEquivalentsAtCarryingValue,,0001091667-18-000025,10-K,2018-02-02,
"Charter Communications, Inc.",CHTR,0001091667,2016,Q1,2016-01-01,2016-03-31,2530000000.0,Revenues,302000000.0,OperatingIncomeLoss,37124000000.0,LongTermDebt,1278000000.0,CashAndCashEquivalentsAtCarryingValue,,0001091667-18-000025,10-K,2018-02-02,
"Charter Communications, Inc.",CHTR,0001091667,2016,Q2,2016-04-01,2016-06-30,6161000000.0,Revenues,170000000.0,OperatingIncomeLoss [RECAST],62203000000.0,LongTermDebt,555000000.0,CashAndCashEquivalentsAtCarryingValue,,0001091667-18-000025,10-K,2018-02-02,
"Charter Communications, Inc.",CHTR,0001091667,2016,Q3,2016-07-01,2016-09-30,10037000000.0,Revenues,911000000.0,OperatingIncomeLoss,61996000000.0,LongTermDebt,1165000000.0,CashAndCashEquivalentsAtCarryingValue,,0001091667-18-000025,10-K,2018-02-02,
"Charter Communications, Inc.",CHTR,0001091667,2016,Q4,2016-10-01,2016-12-31,10275000000.0,derived:FY(Revenues)-Q1-Q3,1073000000.0,derived:FY(OperatingIncomeLoss)-Q1-Q3,61747000000.0,LongTermDebt,1535000000.0,CashAndCashEquivalentsAtCarryingValue,,0001091667-19-000029,10-K,2019-01-31,
"Charter Communications, Inc.",CHTR,0001091667,2017,Q1,2017-01-01,2017-03-31,10164000000.0,Revenues,941000000.0,OperatingIncomeLoss,62844000000.0,LongTermDebt,2920000000.0,CashAndCashEquivalentsAtCarryingValue,,0001091667-19-000029,10-K,2019-01-31,
"Charter Communications, Inc.",CHTR,0001091667,2017,Q2,2017-04-01,2017-06-30,10357000000.0,Revenues,1052000000.0,OperatingIncomeLoss,63248000000.0,LongTermDebt,694000000.0,CashAndCashEquivalentsAtCarryingValue,,0001091667-19-000029,10-K,2019-01-31,
"Charter Communications, Inc.",CHTR,0001091667,2017,Q3,2017-07-01,2017-09-30,10458000000.0,Revenues,909000000.0,OperatingIncomeLoss,68132000000.0,LongTermDebt,2164000000.0,CashAndCashEquivalentsAtCarryingValue,,0001091667-19-000029,10-K,2019-01-31,
"Charter Communications, Inc.",CHTR,0001091667,2017,Q4,2017-10-01,2017-12-31,10602000000.0,derived:FY(Revenues)-Q1-Q3,1204000000.0,derived:FY(OperatingIncomeLoss)-Q1-Q3,70231000000.0,LongTermDebt,621000000.0,CashAndCashEquivalentsAtCarryingValue,,0001091667-20-000024,10-K,2020-01-31,
"Charter Communications, Inc.",CHTR,0001091667,2018,Q1,2018-01-01,2018-03-31,10657000000.0,Revenues,1042000000.0,OperatingIncomeLoss,70949000000.0,LongTermDebt,576000000.0,CashAndCashEquivalentsAtCarryingValue,,0001091667-20-000024,10-K,2020-01-31,
"Charter Communications, Inc.",CHTR,0001091667,2018,Q2,2018-04-01,2018-06-30,10854000000.0,Revenues,1360000000.0,OperatingIncomeLoss,72117000000.0,LongTermDebt,773000000.0,CashAndCashEquivalentsAtCarryingValue,,0001091667-20-000024,10-K,2020-01-31,
"Charter Communications, Inc.",CHTR,0001091667,2018,Q3,2018-07-01,2018-09-30,10892000000.0,Revenues,1380000000.0,OperatingIncomeLoss,72474000000.0,LongTermDebt,612000000.0,CashAndCashEquivalentsAtCarryingValue,,0001091667-20-000024,10-K,2020-01-31,
"Charter Communications, Inc.",CHTR,0001091667,2018,Q4,2018-10-01,2018-12-31,11231000000.0,derived:FY(Revenues)-Q1-Q3,1439000000.0,derived:FY(OperatingIncomeLoss)-Q1-Q3,72827000000.0,LongTermDebt,551000000.0,CashAndCashEquivalentsAtCarryingValue,,0001091667-21-000022,10-K,2021-01-29,
"Charter Communications, Inc.",CHTR,0001091667,2019,Q1,2019-01-01,2019-03-31,11206000000.0,Revenues,1425000000.0,OperatingIncomeLoss,74099000000.0,LongTermDebt,1451000000.0,CashAndCashEquivalentsAtCarryingValue,,0001091667-21-000022,10-K,2021-01-29,
"Charter Communications, Inc.",CHTR,0001091667,2019,Q2,2019-04-01,2019-06-30,11347000000.0,Revenues,1541000000.0,OperatingIncomeLoss,73306000000.0,LongTermDebt,696000000.0,CashAndCashEquivalentsAtCarryingValue,,0001091667-21-000022,10-K,2021-01-29,
"Charter Communications, Inc.",CHTR,0001091667,2019,Q3,2019-07-01,2019-09-30,11450000000.0,Revenues,1586000000.0,OperatingIncomeLoss,74899000000.0,LongTermDebt,508000000.0,CashAndCashEquivalentsAtCarryingValue,,0001091667-21-000022,10-K,2021-01-29,
"Charter Communications, Inc.",CHTR,0001091667,2019,Q4,2019-10-01,2019-12-31,11761000000.0,derived:FY(Revenues)-Q1-Q3,1959000000.0,derived:FY(OperatingIncomeLoss)-Q1-Q3,79078000000.0,LongTermDebt,3483000000.0,CashAndCashEquivalentsAtCarryingValue,,0001091667-22-000024,10-K,2022-01-28,
"Charter Communications, Inc.",CHTR,0001091667,2020,Q1,2020-01-01,2020-03-31,11738000000.0,Revenues,1802000000.0,OperatingIncomeLoss,79692000000.0,LongTermDebt,2908000000.0,CashAndCashEquivalentsAtCarryingValue,,0001091667-21-000084,10-Q,2021-04-30,
"Charter Communications, Inc.",CHTR,0001091667,2020,Q2,2020-04-01,2020-06-30,11696000000.0,Revenues,1969000000.0,OperatingIncomeLoss,78369000000.0,LongTermDebt,2097000000.0,CashAndCashEquivalentsAtCarryingValue,,0001091667-21-000134,10-Q,2021-07-30,
"Charter Communications, Inc.",CHTR,0001091667,2020,Q3,2020-07-01,2020-09-30,12039000000.0,Revenues,2172000000.0,OperatingIncomeLoss,79662000000.0,LongTermDebt,1283000000.0,CashAndCashEquivalentsAtCarryingValue,,0001091667-21-000163,10-Q,2021-10-29,
"Charter Communications, Inc.",CHTR,0001091667,2020,Q4,2020-10-01,2020-12-31,12624000000.0,derived:FY(Revenues)-Q1-Q3,2462000000.0,derived:FY(OperatingIncomeLoss)-Q1-Q3,82752000000.0,LongTermDebt,1001000000.0,CashAndCashEquivalentsAtCarryingValue,,0001091667-23-000024,10-K,2023-01-27,
"Charter Communications, Inc.",CHTR,0001091667,2021,Q1,2021-01-01,2021-03-31,12522000000.0,Revenues,2068000000.0,OperatingIncomeLoss,84887000000.0,LongTermDebt,772000000.0,CashAndCashEquivalentsAtCarryingValue,,0001091667-22-000066,10-Q,2022-04-29,
"Charter Communications, Inc.",CHTR,0001091667,2021,Q2,2021-04-01,2021-06-30,12802000000.0,Revenues,2575000000.0,OperatingIncomeLoss,87964000000.0,LongTermDebt,1711000000.0,CashAndCashEquivalentsAtCarryingValue,,0001091667-22-000090,10-Q,2022-07-29,
"Charter Communications, Inc.",CHTR,0001091667,2021,Q3,2021-07-01,2021-09-30,13146000000.0,Revenues,2927000000.0,OperatingIncomeLoss,88372000000.0,LongTermDebt,466000000.0,CashAndCashEquivalentsAtCarryingValue,,0001091667-22-000115,10-Q,2022-10-28,
"Charter Communications, Inc.",CHTR,0001091667,2021,Q4,2021-10-01,2021-12-31,13212000000.0,derived:FY(Revenues)-Q1-Q3,2956000000.0,derived:FY(OperatingIncomeLoss)-Q1-Q3,91561000000.0,LongTermDebt,601000000.0,CashAndCashEquivalentsAtCarryingValue,,0001091667-24-000028,10-K,2024-02-02,
"Charter Communications, Inc.",CHTR,0001091667,2022,Q1,2022-01-01,2022-03-31,13200000000.0,Revenues,2771000000.0,OperatingIncomeLoss,95222000000.0,LongTermDebt,2431000000.0,CashAndCashEquivalentsAtCarryingValue,,0001091667-23-000084,10-Q,2023-04-28,
"Charter Communications, Inc.",CHTR,0001091667,2022,Q2,2022-04-01,2022-06-30,13598000000.0,Revenues,3227000000.0,OperatingIncomeLoss,96001000000.0,LongTermDebt,483000000.0,CashAndCashEquivalentsAtCarryingValue,,0001091667-23-000108,10-Q,2023-07-28,
"Charter Communications, Inc.",CHTR,0001091667,2022,Q3,2022-07-01,2022-09-30,13550000000.0,Revenues,2924000000.0,OperatingIncomeLoss,97032000000.0,LongTermDebt,480000000.0,CashAndCashEquivalentsAtCarryingValue,,0001091667-23-000143,10-Q,2023-10-27,
"Charter Communications, Inc.",CHTR,0001091667,2022,Q4,2022-10-01,2022-12-31,13674000000.0,derived:FY(Revenues)-Q1-Q3,3040000000.0,derived:FY(OperatingIncomeLoss)-Q1-Q3,97603000000.0,LongTermDebt,645000000.0,CashAndCashEquivalentsAtCarryingValue,,0001091667-25-000034,10-K,2025-01-31,
"Charter Communications, Inc.",CHTR,0001091667,2023,Q1,2023-01-01,2023-03-31,13653000000.0,Revenues,2926000000.0,OperatingIncomeLoss,97972000000.0,LongTermDebt,534000000.0,CashAndCashEquivalentsAtCarryingValue,,0001091667-24-000085,10-Q,2024-04-26,
"Charter Communications, Inc.",CHTR,0001091667,2023,Q2,2023-04-01,2023-06-30,13659000000.0,Revenues,3240000000.0,OperatingIncomeLoss,97970000000.0,LongTermDebt,478000000.0,CashAndCashEquivalentsAtCarryingValue,,0001091667-24-000104,10-Q,2024-07-26,
"Charter Communications, Inc.",CHTR,0001091667,2023,Q3,2023-07-01,2023-09-30,13584000000.0,Revenues,3126000000.0,OperatingIncomeLoss,97799000000.0,LongTermDebt,571000000.0,CashAndCashEquivalentsAtCarryingValue,,0001091667-24-000123,10-Q,2024-11-01,
"Charter Communications, Inc.",CHTR,0001091667,2023,Q4,2023-10-01,2023-12-31,13711000000.0,derived:FY(Revenues)-Q1-Q3,3267000000.0,derived:FY(OperatingIncomeLoss)-Q1-Q3,97777000000.0,LongTermDebt,709000000.0,CashAndCashEquivalentsAtCarryingValue,,0001091667-26-000017,10-K,2026-01-30,
"Charter Communications, Inc.",CHTR,0001091667,2024,Q1,2024-01-01,2024-03-31,13679000000.0,Revenues,3131000000.0,OperatingIncomeLoss,97965000000.0,LongTermDebt,661000000.0,CashAndCashEquivalentsAtCarryingValue,,0001091667-25-000099,10-Q,2025-04-25,
"Charter Communications, Inc.",CHTR,0001091667,2024,Q2,2024-04-01,2024-06-30,13685000000.0,Revenues,3263000000.0,OperatingIncomeLoss,96692000000.0,LongTermDebt,602000000.0,CashAndCashEquivalentsAtCarryingValue,,0001091667-25-000127,10-Q,2025-07-25,
"Charter Communications, Inc.",CHTR,0001091667,2024,Q3,2024-07-01,2024-09-30,13795000000.0,Revenues,3335000000.0,OperatingIncomeLoss,95315000000.0,LongTermDebt,721000000.0,CashAndCashEquivalentsAtCarryingValue,,0001091667-25-000168,10-Q,2025-10-31,
"Charter Communications, Inc.",CHTR,0001091667,2024,Q4,2024-10-01,2024-12-31,13926000000.0,derived:FY(Revenues)-Q1-Q3,3389000000.0,derived:FY(OperatingIncomeLoss)-Q1-Q3,93933000000.0,LongTermDebt,459000000.0,CashAndCashEquivalentsAtCarryingValue,,0001091667-26-000017,10-K,2026-01-30,
"Charter Communications, Inc.",CHTR,0001091667,2025,Q1,2025-01-01,2025-03-31,13735000000.0,Revenues,3237000000.0,OperatingIncomeLoss,93769000000.0,LongTermDebt,796000000.0,CashAndCashEquivalentsAtCarryingValue,,0001091667-26-000028,10-Q,2026-04-24,
"Charter Communications, Inc.",CHTR,0001091667,2025,Q2,2025-04-01,2025-06-30,13766000000.0,Revenues,3279000000.0,OperatingIncomeLoss,94412000000.0,LongTermDebt,606000000.0,CashAndCashEquivalentsAtCarryingValue,,0001091667-26-000052,10-Q,2026-07-24,
"Charter Communications, Inc.",CHTR,0001091667,2025,Q3,2025-07-01,2025-09-30,13672000000.0,Revenues,3131000000.0,OperatingIncomeLoss,95163000000.0,LongTermDebt,464000000.0,CashAndCashEquivalentsAtCarryingValue,,0001091667-25-000168,10-Q,2025-10-31,
"Charter Communications, Inc.",CHTR,0001091667,2025,Q4,2025-10-01,2025-12-31,13601000000.0,derived:FY(Revenues)-Q1-Q3,3261000000.0,derived:FY(OperatingIncomeLoss)-Q1-Q3,94756000000.0,LongTermDebt,477000000.0,CashAndCashEquivalentsAtCarryingValue,,0001091667-26-000017,10-K,2026-01-30,
"Charter Communications, Inc.",CHTR,0001091667,2026,Q1,2026-01-01,2026-03-31,13597000000.0,Revenues,3208000000.0,OperatingIncomeLoss,94414000000.0,LongTermDebt,517000000.0,CashAndCashEquivalentsAtCarryingValue,,0001091667-26-000028,10-Q,2026-04-24,
"Charter Communications, Inc.",CHTR,0001091667,2026,Q2,2026-04-01,2026-06-30,13526000000.0,Revenues,3063000000.0,OperatingIncomeLoss,93959000000.0,LongTermDebt,509000000.0,CashAndCashEquivalentsAtCarryingValue,,0001091667-26-000052,10-Q,2026-07-24,
Comcast Corporation,CMCSA,0001166691,2006,Q4,2006-10-01,2006-12-31,,,,,,,1239000000.0,CashAndCashEquivalentsAtCarryingValue,,0001193125-10-037551,10-K,2010-02-23,
Comcast Corporation,CMCSA,0001166691,2007,Q4,2007-10-01,2007-12-31,,,,,,,963000000.0,CashAndCashEquivalentsAtCarryingValue,,0001193125-11-047243,10-K,2011-02-25,
Comcast Corporation,CMCSA,0001166691,2008,Q2,2008-04-01,2008-06-30,8553000000.0,Revenues,1750000000.0,OperatingIncomeLoss,,,1767000000.0,CashAndCashEquivalentsAtCarryingValue,,0001193125-09-166759,10-Q,2009-08-06,
Comcast Corporation,CMCSA,0001166691,2008,Q3,2008-07-01,2008-09-30,8549000000.0,Revenues,1670000000.0,OperatingIncomeLoss,,,2714000000.0,CashAndCashEquivalentsAtCarryingValue,,0001193125-09-223314,10-Q,2009-11-04,
Comcast Corporation,CMCSA,0001166691,2008,Q4,2008-10-01,2008-12-31,,,,,30178000000.0,LongTermDebtAndCapitalLeaseObligations,1195000000.0,CashAndCashEquivalentsAtCarryingValue,,0001193125-10-037551,10-K,2010-02-23,
Comcast Corporation,CMCSA,0001166691,2009,Q1,2009-01-01,2009-03-31,8866000000.0,Revenues,1811000000.0,OperatingIncomeLoss,,,1879000000.0,CashAndCashEquivalentsAtCarryingValue,,0001193125-11-047243,10-K,2011-02-25,
Comcast Corporation,CMCSA,0001166691,2009,Q2,2009-04-01,2009-06-30,8978000000.0,Revenues,1875000000.0,OperatingIncomeLoss,28870000000.0,LongTermDebtAndCapitalLeaseObligations,3989000000.0,CashAndCashEquivalentsAtCarryingValue,,0001193125-11-047243,10-K,2011-02-25,
Comcast Corporation,CMCSA,0001166691,2009,Q3,2009-07-01,2009-09-30,8845000000.0,Revenues,1711000000.0,OperatingIncomeLoss,28493000000.0,LongTermDebtAndCapitalLeaseObligations,862000000.0,CashAndCashEquivalentsAtCarryingValue,,0001193125-11-047243,10-K,2011-02-25,
Comcast Corporation,CMCSA,0001166691,2009,Q4,2009-10-01,2009-12-31,9067000000.0,derived:FY(Revenues)-Q1-Q3,1817000000.0,derived:FY(OperatingIncomeLoss)-Q1-Q3,29096000000.0,DebtAndCapitalLeaseObligations,671000000.0,CashAndCashEquivalentsAtCarryingValue,,0001193125-12-073905,10-K,2012-02-23,
Comcast Corporation,CMCSA,0001166691,2010,Q1,2010-01-01,2010-03-31,9202000000.0,Revenues,1935000000.0,OperatingIncomeLoss,28582000000.0,LongTermDebtAndCapitalLeaseObligations,3483000000.0,CashAndCashEquivalentsAtCarryingValue,,0001193125-12-073905,10-K,2012-02-23,
Comcast Corporation,CMCSA,0001166691,2010,Q2,2010-04-01,2010-06-30,9525000000.0,Revenues,2078000000.0,OperatingIncomeLoss,28684000000.0,LongTermDebtAndCapitalLeaseObligations,4028000000.0,CashAndCashEquivalentsAtCarryingValue,,0001193125-12-073905,10-K,2012-02-23,
Comcast Corporation,CMCSA,0001166691,2010,Q3,2010-07-01,2010-09-30,9489000000.0,Revenues,1954000000.0,OperatingIncomeLoss,28738000000.0,LongTermDebtAndCapitalLeaseObligations,4542000000.0,CashAndCashEquivalentsAtCarryingValue,,0001193125-12-073905,10-K,2012-02-23,
Comcast Corporation,CMCSA,0001166691,2010,Q4,2010-10-01,2010-12-31,9721000000.0,derived:FY(Revenues)-Q1-Q3,2013000000.0,derived:FY(OperatingIncomeLoss)-Q1-Q3,31415000000.0,DebtAndCapitalLeaseObligations,5984000000.0,CashAndCashEquivalentsAtCarryingValue,,0001193125-13-370469,8-K,2013-09-18,
Comcast Corporation,CMCSA,0001166691,2011,Q1,2011-01-01,2011-03-31,12128000000.0,Revenues,2224000000.0,OperatingIncomeLoss,38130000000.0,LongTermDebtAndCapitalLeaseObligations,1822000000.0,CashAndCashEquivalentsAtCarryingValue,,0001193125-13-370469,8-K,2013-09-18,
Comcast Corporation,CMCSA,0001166691,2011,Q2,2011-04-01,2011-06-30,14333000000.0,Revenues,2938000000.0,OperatingIncomeLoss,38209000000.0,LongTermDebtAndCapitalLeaseObligations,1997000000.0,CashAndCashEquivalentsAtCarryingValue,,0001193125-13-370469,8-K,2013-09-18,
Comcast Corporation,CMCSA,0001166691,2011,Q3,2011-07-01,2011-09-30,14339000000.0,Revenues,2641000000.0,OperatingIncomeLoss,38522000000.0,LongTermDebtAndCapitalLeaseObligations,1806000000.0,CashAndCashEquivalentsAtCarryingValue,,0001193125-13-370469,8-K,2013-09-18,
Comcast Corporation,CMCSA,0001166691,2011,Q4,2011-10-01,2011-12-31,15042000000.0,derived:FY(Revenues)-Q1-Q3,2918000000.0,derived:FY(OperatingIncomeLoss)-Q1-Q3,39309000000.0,DebtAndCapitalLeaseObligations,1620000000.0,CashAndCashEquivalentsAtCarryingValue,,0001193125-14-047522,10-K,2014-02-12,
Comcast Corporation,CMCSA,0001166691,2012,Q1,2012-01-01,2012-03-31,14878000000.0,Revenues,2758000000.0,OperatingIncomeLoss,35080000000.0,LongTermDebtAndCapitalLeaseObligations,2207000000.0,CashAndCashEquivalentsAtCarryingValue,,0001193125-14-047522,10-K,2014-02-12,
Comcast Corporation,CMCSA,0001166691,2012,Q2,2012-04-01,2012-06-30,15211000000.0,Revenues,3079000000.0,OperatingIncomeLoss,34175000000.0,LongTermDebtAndCapitalLeaseObligations,2101000000.0,CashAndCashEquivalentsAtCarryingValue,,0001193125-14-047522,10-K,2014-02-12,
Comcast Corporation,CMCSA,0001166691,2012,Q3,2012-07-01,2012-09-30,16544000000.0,Revenues,3048000000.0,OperatingIncomeLoss,35791000000.0,LongTermDebtAndCapitalLeaseObligations,8899000000.0,CashAndCashEquivalentsAtCarryingValue,,0001193125-14-047522,10-K,2014-02-12,
Comcast Corporation,CMCSA,0001166691,2012,Q4,2012-10-01,2012-12-31,15937000000.0,derived:FY(Revenues)-Q1-Q3,3294000000.0,derived:FY(OperatingIncomeLoss)-Q1-Q3,40458000000.0,DebtAndCapitalLeaseObligations,10951000000.0,CashAndCashEquivalentsAtCarryingValue,,0001193125-15-068526,10-K,2015-02-27,
Comcast Corporation,CMCSA,0001166691,2013,Q1,2013-01-01,2013-03-31,15310000000.0,Revenues,3067000000.0,OperatingIncomeLoss,47226000000.0,DebtAndCapitalLeaseObligations,1839000000.0,CashAndCashEquivalentsAtCarryingValue,,0001193125-15-068526,10-K,2015-02-27,
Comcast Corporation,CMCSA,0001166691,2013,Q2,2013-04-01,2013-06-30,16270000000.0,Revenues,3435000000.0,OperatingIncomeLoss,46649000000.0,DebtAndCapitalLeaseObligations,1389000000.0,CashAndCashEquivalentsAtCarryingValue,,0001193125-15-068526,10-K,2015-02-27,
Comcast Corporation,CMCSA,0001166691,2013,Q3,2013-07-01,2013-09-30,16151000000.0,Revenues,3414000000.0,OperatingIncomeLoss,46525000000.0,DebtAndCapitalLeaseObligations,1603000000.0,CashAndCashEquivalentsAtCarryingValue,,0001193125-15-068526,10-K,2015-02-27,
Comcast Corporation,CMCSA,0001166691,2013,Q4,2013-10-01,2013-12-31,16926000000.0,derived:FY(Revenues)-Q1-Q3,3647000000.0,derived:FY(OperatingIncomeLoss)-Q1-Q3,47847000000.0,DebtAndCapitalLeaseObligations,1718000000.0,CashAndCashEquivalentsAtCarryingValue,,0001193125-16-452423,10-K,2016-02-05,
Comcast Corporation,CMCSA,0001166691,2014,Q1,2014-01-01,2014-03-31,17408000000.0,Revenues,3568000000.0,OperatingIncomeLoss,47400000000.0,DebtAndCapitalLeaseObligations,3054000000.0,CashAndCashEquivalentsAtCarryingValue,,0001193125-16-452423,10-K,2016-02-05,
Comcast Corporation,CMCSA,0001166691,2014,Q2,2014-04-01,2014-06-30,16844000000.0,Revenues,3804000000.0,OperatingIncomeLoss,46500000000.0,DebtAndCapitalLeaseObligations,1529000000.0,CashAndCashEquivalentsAtCarryingValue,,0001193125-16-452423,10-K,2016-02-05,
Comcast Corporation,CMCSA,0001166691,2014,Q3,2014-07-01,2014-09-30,16791000000.0,Revenues,3745000000.0,OperatingIncomeLoss,48400000000.0,DebtAndCapitalLeaseObligations,4547000000.0,CashAndCashEquivalentsAtCarryingValue,,0001193125-16-452423,10-K,2016-02-05,
Comcast Corporation,CMCSA,0001166691,2014,Q4,2014-10-01,2014-12-31,17732000000.0,derived:FY(Revenues)-Q1-Q3,3787000000.0,derived:FY(OperatingIncomeLoss)-Q1-Q3,48081000000.0,DebtAndCapitalLeaseObligations,3910000000.0,CashAndCashEquivalentsAtCarryingValue,,0001193125-17-030512,10-K,2017-02-03,
Comcast Corporation,CMCSA,0001166691,2015,Q1,2015-01-01,2015-03-31,17853000000.0,Revenues,3890000000.0,OperatingIncomeLoss,47100000000.0,DebtAndCapitalLeaseObligations,3937000000.0,CashAndCashEquivalentsAtCarryingValue,,0001193125-17-030512,10-K,2017-02-03,
Comcast Corporation,CMCSA,0001166691,2015,Q2,2015-04-01,2015-06-30,18743000000.0,Revenues,4105000000.0,OperatingIncomeLoss,48500000000.0,DebtAndCapitalLeaseObligations,3486000000.0,CashAndCashEquivalentsAtCarryingValue,,0001193125-17-030512,10-K,2017-02-03,
Comcast Corporation,CMCSA,0001166691,2015,Q3,2015-07-01,2015-09-30,18669000000.0,Revenues,4001000000.0,OperatingIncomeLoss,47800000000.0,DebtAndCapitalLeaseObligations,1893000000.0,CashAndCashEquivalentsAtCarryingValue,,0001193125-17-030512,10-K,2017-02-03,
Comcast Corporation,CMCSA,0001166691,2015,Q4,2015-10-01,2015-12-31,19245000000.0,derived:FY(Revenues)-Q1-Q3,4002000000.0,derived:FY(OperatingIncomeLoss)-Q1-Q3,52621000000.0,DebtAndCapitalLeaseObligations,2295000000.0,CashAndCashEquivalentsAtCarryingValue,,0001166691-18-000004,10-K,2018-01-31,
Comcast Corporation,CMCSA,0001166691,2016,Q1,2016-01-01,2016-03-31,18790000000.0,Revenues,4089000000.0,OperatingIncomeLoss,55600000000.0,DebtAndCapitalLeaseObligations,5628000000.0,CashAndCashEquivalentsAtCarryingValue,,0001166691-18-000004,10-K,2018-01-31,
Comcast Corporation,CMCSA,0001166691,2016,Q2,2016-04-01,2016-06-30,19269000000.0,Revenues,4066000000.0,OperatingIncomeLoss,55600000000.0,DebtAndCapitalLeaseObligations,4665000000.0,CashAndCashEquivalentsAtCarryingValue,,0001166691-18-000004,10-K,2018-01-31,
Comcast Corporation,CMCSA,0001166691,2016,Q3,2016-07-01,2016-09-30,21319000000.0,Revenues,4440000000.0,OperatingIncomeLoss,60400000000.0,DebtAndCapitalLeaseObligations,2807000000.0,CashAndCashEquivalentsAtCarryingValue,,0001166691-18-000004,10-K,2018-01-31,
Comcast Corporation,CMCSA,0001166691,2016,Q4,2016-10-01,2016-12-31,21358000000.0,derived:FY(Revenues)-Q1-Q3,4236000000.0,derived:FY(OperatingIncomeLoss)-Q1-Q3,61046000000.0,DebtAndCapitalLeaseObligations,3301000000.0,CashAndCashEquivalentsAtCarryingValue,,0001166691-19-000005,10-K,2019-01-31,
Comcast Corporation,CMCSA,0001166691,2017,Q1,2017-01-01,2017-03-31,20587000000.0,Revenues,4542000000.0,OperatingIncomeLoss,61800000000.0,DebtAndCapitalLeaseObligations,4022000000.0,CashAndCashEquivalentsAtCarryingValue,,0001166691-19-000005,10-K,2019-01-31,
Comcast Corporation,CMCSA,0001166691,2017,Q2,2017-04-01,2017-06-30,21286000000.0,Revenues,4568000000.0,OperatingIncomeLoss,63600000000.0,DebtAndCapitalLeaseObligations,2693000000.0,CashAndCashEquivalentsAtCarryingValue,,0001166691-19-000005,10-K,2019-01-31,
Comcast Corporation,CMCSA,0001166691,2017,Q3,2017-07-01,2017-09-30,21081000000.0,Revenues,4779000000.0,OperatingIncomeLoss,65000000000.0,DebtAndCapitalLeaseObligations,4114000000.0,CashAndCashEquivalentsAtCarryingValue,,0001166691-19-000005,10-K,2019-01-31,
Comcast Corporation,CMCSA,0001166691,2017,Q4,2017-10-01,2017-12-31,22075000000.0,derived:FY(Revenues)-Q1-Q3,4129000000.0,derived:FY(OperatingIncomeLoss)-Q1-Q3,64556000000.0,DebtAndCapitalLeaseObligations,3428000000.0,CashAndCashEquivalentsAtCarryingValue,,0001166691-20-000008,10-K,2020-01-30,
Comcast Corporation,CMCSA,0001166691,2018,Q1,2018-01-01,2018-03-31,22791000000.0,Revenues,4645000000.0,OperatingIncomeLoss,66700000000.0,DebtAndCapitalLeaseObligations,6030000000.0,CashAndCashEquivalentsAtCarryingValue,,0001166691-20-000008,10-K,2020-01-30,
Comcast Corporation,CMCSA,0001166691,2018,Q2,2018-04-01,2018-06-30,21735000000.0,Revenues,5014000000.0,OperatingIncomeLoss,64600000000.0,DebtAndCapitalLeaseObligations,5726000000.0,CashAndCashEquivalentsAtCarryingValue,,0001166691-20-000008,10-K,2020-01-30,
Comcast Corporation,CMCSA,0001166691,2018,Q3,2018-07-01,2018-09-30,22135000000.0,Revenues,4836000000.0,OperatingIncomeLoss,72900000000.0,DebtAndCapitalLeaseObligations,10616000000.0,CashAndCashEquivalentsAtCarryingValue,,0001166691-20-000008,10-K,2020-01-30,
Comcast Corporation,CMCSA,0001166691,2018,Q4,2018-10-01,2018-12-31,27846000000.0,derived:FY(Revenues)-Q1-Q3,4514000000.0,derived:FY(OperatingIncomeLoss)-Q1-Q3,111743000000.0,DebtAndCapitalLeaseObligations,3814000000.0,CashAndCashEquivalentsAtCarryingValue,,0001166691-21-000008,10-K,2021-02-04,
Comcast Corporation,CMCSA,0001166691,2019,Q1,2019-01-01,2019-03-31,26859000000.0,Revenues,5182000000.0,OperatingIncomeLoss,109100000000.0,DebtAndCapitalLeaseObligations,3498000000.0,CashAndCashEquivalentsAtCarryingValue,,0001166691-21-000008,10-K,2021-02-04,
Comcast Corporation,CMCSA,0001166691,2019,Q2,2019-04-01,2019-06-30,26858000000.0,Revenues,5356000000.0,OperatingIncomeLoss,107600000000.0,DebtAndCapitalLeaseObligations,3919000000.0,CashAndCashEquivalentsAtCarryingValue,,0001166691-21-000008,10-K,2021-02-04,
Comcast Corporation,CMCSA,0001166691,2019,Q3,2019-07-01,2019-09-30,26827000000.0,Revenues,5340000000.0,OperatingIncomeLoss,100900000000.0,DebtAndCapitalLeaseObligations,3507000000.0,CashAndCashEquivalentsAtCarryingValue,,0001166691-21-000008,10-K,2021-02-04,
Comcast Corporation,CMCSA,0001166691,2019,Q4,2019-10-01,2019-12-31,28398000000.0,derived:FY(Revenues)-Q1-Q3,5247000000.0,derived:FY(OperatingIncomeLoss)-Q1-Q3,102217000000.0,DebtAndCapitalLeaseObligations,5500000000.0,CashAndCashEquivalentsAtCarryingValue,,0001166691-22-000009,10-K,2022-02-02,
Comcast Corporation,CMCSA,0001166691,2020,Q1,2020-01-01,2020-03-31,26609000000.0,Revenues,4852000000.0,OperatingIncomeLoss,103600000000.0,DebtAndCapitalLeaseObligations,8516000000.0,CashAndCashEquivalentsAtCarryingValue,,0001166691-21-000020,10-Q,2021-04-29,
Comcast Corporation,CMCSA,0001166691,2020,Q2,2020-04-01,2020-06-30,23715000000.0,Revenues,4647000000.0,OperatingIncomeLoss,104800000000.0,DebtAndCapitalLeaseObligations,13935000000.0,CashAndCashEquivalentsAtCarryingValue,,0001166691-21-000029,10-Q,2021-07-29,
Comcast Corporation,CMCSA,0001166691,2020,Q3,2020-07-01,2020-09-30,25532000000.0,Revenues,4076000000.0,OperatingIncomeLoss,104400000000.0,DebtAndCapitalLeaseObligations,13707000000.0,CashAndCashEquivalentsAtCarryingValue,,0001166691-21-000036,10-Q,2021-10-28,
Comcast Corporation,CMCSA,0001166691,2020,Q4,2020-10-01,2020-12-31,27708000000.0,derived:FY(Revenues)-Q1-Q3,3918000000.0,derived:FY(OperatingIncomeLoss)-Q1-Q3,103760000000.0,DebtAndCapitalLeaseObligations,11740000000.0,CashAndCashEquivalentsAtCarryingValue,,0001166691-23-000010,10-K,2023-02-03,
Comcast Corporation,CMCSA,0001166691,2021,Q1,2021-01-01,2021-03-31,27205000000.0,Revenues,5039000000.0,OperatingIncomeLoss,103700000000.0,DebtAndCapitalLeaseObligations,14950000000.0,CashAndCashEquivalentsAtCarryingValue,,0001166691-22-000018,10-Q,2022-04-28,
Comcast Corporation,CMCSA,0001166691,2021,Q2,2021-04-01,2021-06-30,28546000000.0,Revenues,5507000000.0,OperatingIncomeLoss,98600000000.0,DebtAndCapitalLeaseObligations,12378000000.0,CashAndCashEquivalentsAtCarryingValue,,0001166691-22-000030,10-Q,2022-07-28,
Comcast Corporation,CMCSA,0001166691,2021,Q3,2021-07-01,2021-09-30,30298000000.0,Revenues,5450000000.0,OperatingIncomeLoss,97200000000.0,DebtAndCapitalLeaseObligations,11806000000.0,CashAndCashEquivalentsAtCarryingValue,,0001166691-22-000039,10-Q,2022-10-27,
Comcast Corporation,CMCSA,0001166691,2021,Q4,2021-10-01,2021-12-31,30336000000.0,derived:FY(Revenues)-Q1-Q3,4821000000.0,derived:FY(OperatingIncomeLoss)-Q1-Q3,94800000000.0,LongTermDebtAndCapitalLeaseObligationsIncludingCurrentMaturities,8711000000.0,CashAndCashEquivalentsAtCarryingValue,,0001166691-24-000011,10-K,2024-01-31,
Comcast Corporation,CMCSA,0001166691,2022,Q1,2022-01-01,2022-03-31,31010000000.0,Revenues,5569000000.0,OperatingIncomeLoss,94600000000.0,DebtAndCapitalLeaseObligations,8880000000.0,CashAndCashEquivalentsAtCarryingValue,,0001166691-23-000024,10-Q,2023-04-27,
Comcast Corporation,CMCSA,0001166691,2022,Q2,2022-04-01,2022-06-30,30016000000.0,Revenues,6367000000.0,OperatingIncomeLoss,93500000000.0,DebtAndCapitalLeaseObligations,6822000000.0,CashAndCashEquivalentsAtCarryingValue,,0001166691-23-000032,10-Q,2023-07-27,
Comcast Corporation,CMCSA,0001166691,2022,Q3,2022-07-01,2022-09-30,29849000000.0,Revenues,-2425000000.0,OperatingIncomeLoss,92500000000.0,DebtAndCapitalLeaseObligations,5695000000.0,CashAndCashEquivalentsAtCarryingValue,,0001166691-23-000040,10-Q,2023-10-26,
Comcast Corporation,CMCSA,0001166691,2022,Q4,2022-10-01,2022-12-31,30552000000.0,derived:FY(RevenueFromContractWithCustomerExcludingAssessedTax)-Q1-Q3,4530000000.0,derived:FY(OperatingIncomeLoss)-Q1-Q3,94800000000.0,LongTermDebtAndCapitalLeaseObligationsIncludingCurrentMaturities,4749000000.0,CashAndCashEquivalentsAtCarryingValue,,0001166691-25-000011,10-K,2025-01-31,
Comcast Corporation,CMCSA,0001166691,2023,Q1,2023-01-01,2023-03-31,29691000000.0,RevenueFromContractWithCustomerExcludingAssessedTax,5646000000.0,OperatingIncomeLoss,95500000000.0,DebtAndCapitalLeaseObligations,5535000000.0,CashAndCashEquivalentsAtCarryingValue,,0001166691-24-000031,10-Q,2024-04-25,
Comcast Corporation,CMCSA,0001166691,2023,Q2,2023-04-01,2023-06-30,30513000000.0,RevenueFromContractWithCustomerExcludingAssessedTax,6709000000.0,OperatingIncomeLoss,97500000000.0,DebtAndCapitalLeaseObligations,7146000000.0,CashAndCashEquivalentsAtCarryingValue,,0001166691-24-000048,10-Q,2024-07-23,
Comcast Corporation,CMCSA,0001166691,2023,Q3,2023-07-01,2023-09-30,30115000000.0,RevenueFromContractWithCustomerExcludingAssessedTax,6475000000.0,OperatingIncomeLoss,97300000000.0,DebtAndCapitalLeaseObligations,6435000000.0,CashAndCashEquivalentsAtCarryingValue,,0001166691-24-000056,10-Q,2024-10-31,
Comcast Corporation,CMCSA,0001166691,2023,Q4,2023-10-01,2023-12-31,31253000000.0,derived:FY(RevenueFromContractWithCustomerExcludingAssessedTax)-Q1-Q3,4484000000.0,derived:FY(OperatingIncomeLoss)-Q1-Q3,97100000000.0,LongTermDebtAndCapitalLeaseObligationsIncludingCurrentMaturities,6215000000.0,CashAndCashEquivalentsAtCarryingValue,,0001628280-26-004994,10-K,2026-02-03,
Comcast Corporation,CMCSA,0001166691,2024,Q1,2024-01-01,2024-03-31,30058000000.0,RevenueFromContractWithCustomerExcludingAssessedTax,5810000000.0,OperatingIncomeLoss,96600000000.0,DebtAndCapitalLeaseObligations,6515000000.0,CashAndCashEquivalentsAtCarryingValue,,0001166691-25-000021,10-Q,2025-04-24,
Comcast Corporation,CMCSA,0001166691,2024,Q2,2024-04-01,2024-06-30,29688000000.0,RevenueFromContractWithCustomerExcludingAssessedTax,6635000000.0,OperatingIncomeLoss,98100000000.0,DebtAndCapitalLeaseObligations,6065000000.0,CashAndCashEquivalentsAtCarryingValue,,0001166691-25-000036,10-Q,2025-07-31,
Comcast Corporation,CMCSA,0001166691,2024,Q3,2024-07-01,2024-09-30,32070000000.0,RevenueFromContractWithCustomerExcludingAssessedTax,5859000000.0,OperatingIncomeLoss,101400000000.0,DebtAndCapitalLeaseObligations,8814000000.0,CashAndCashEquivalentsAtCarryingValue,,0001166691-25-000054,10-Q,2025-10-30,
Comcast Corporation,CMCSA,0001166691,2024,Q4,2024-10-01,2024-12-31,31915000000.0,derived:FY(RevenueFromContractWithCustomerExcludingAssessedTax)-Q1-Q3,4993000000.0,derived:FY(OperatingIncomeLoss)-Q1-Q3,99100000000.0,DebtAndCapitalLeaseObligations,7322000000.0,CashAndCashEquivalentsAtCarryingValue,,0001628280-26-004994,10-K,2026-02-03,
Comcast Corporation,CMCSA,0001166691,2025,Q1,2025-01-01,2025-03-31,29887000000.0,RevenueFromContractWithCustomerExcludingAssessedTax,5658000000.0,OperatingIncomeLoss,99100000000.0,DebtAndCapitalLeaseObligations,8593000000.0,CashAndCashEquivalentsAtCarryingValue,,0001628280-26-026805,10-Q,2026-04-23,
Comcast Corporation,CMCSA,0001166691,2025,Q2,2025-04-01,2025-06-30,30313000000.0,RevenueFromContractWithCustomerExcludingAssessedTax,5992000000.0,OperatingIncomeLoss,101500000000.0,DebtAndCapitalLeaseObligations,9687000000.0,CashAndCashEquivalentsAtCarryingValue,,0001628280-26-049360,10-Q,2026-07-23,
Comcast Corporation,CMCSA,0001166691,2025,Q3,2025-07-01,2025-09-30,31198000000.0,RevenueFromContractWithCustomerExcludingAssessedTax,5534000000.0,OperatingIncomeLoss,99100000000.0,DebtAndCapitalLeaseObligations,9325000000.0,CashAndCashEquivalentsAtCarryingValue,,0001166691-25-000054,10-Q,2025-10-30,
Comcast Corporation,CMCSA,0001166691,2025,Q4,2025-10-01,2025-12-31,32309000000.0,derived:FY(RevenueFromContractWithCustomerExcludingAssessedTax)-Q1-Q3,3488000000.0,derived:FY(OperatingIncomeLoss)-Q1-Q3,98900000000.0,DebtAndCapitalLeaseObligations,9481000000.0,CashAndCashEquivalentsAtCarryingValue,,0001628280-26-004994,10-K,2026-02-03,
Comcast Corporation,CMCSA,0001166691,2026,Q1,2026-01-01,2026-03-31,31457000000.0,RevenueFromContractWithCustomerExcludingAssessedTax,4135000000.0,OperatingIncomeLoss,94600000000.0,DebtAndCapitalLeaseObligations,9468000000.0,CashAndCashEquivalentsAtCarryingValue,,0001628280-26-026805,10-Q,2026-04-23,
Comcast Corporation,CMCSA,0001166691,2026,Q2,2026-04-01,2026-06-30,29940000000.0,RevenueFromContractWithCustomerExcludingAssessedTax,5160000000.0,OperatingIncomeLoss,90400000000.0,DebtAndCapitalLeaseObligations,7661000000.0,CashAndCashEquivalentsAtCarryingValue,,0001628280-26-049360,10-Q,2026-07-23,
EchoStar Corporation,ECHO,0001415404,2007,Q4,2007-10-01,2007-12-31,,,,,,,41082000.0,CashAndCashEquivalentsAtCarryingValue,,0001193125-11-044057,10-K,2011-02-24,"EchoStar figures before 2024 predate the Dec 2023 DISH Network reverse merger; depending on which filing a figure was pulled from, it may reflect the small pre-merger Hughes-only entity or DISH's history recast in as accounting acquirer -- not reliably comparable across this boundary. See README.md."
EchoStar Corporation,ECHO,0001415404,2008,Q4,2008-10-01,2008-12-31,,,,,,,24467000.0,CashAndCashEquivalentsAtCarryingValue,,0001104659-12-016268,10-K,2012-03-07,"EchoStar figures before 2024 predate the Dec 2023 DISH Network reverse merger; depending on which filing a figure was pulled from, it may reflect the small pre-merger Hughes-only entity or DISH's history recast in as accounting acquirer -- not reliably comparable across this boundary. See README.md."
EchoStar Corporation,ECHO,0001415404,2009,Q2,2009-04-01,2009-06-30,383148000.0,SalesRevenueNet,-3050000.0,OperatingIncomeLoss,,,63457000.0,CashAndCashEquivalentsAtCarryingValue,,0001193125-10-182387,10-Q,2010-08-09,"EchoStar figures before 2024 predate the Dec 2023 DISH Network reverse merger; depending on which filing a figure was pulled from, it may reflect the small pre-merger Hughes-only entity or DISH's history recast in as accounting acquirer -- not reliably comparable across this boundary. See README.md."
EchoStar Corporation,ECHO,0001415404,2009,Q3,2009-07-01,2009-09-30,482932000.0,SalesRevenueNet,-3836000.0,OperatingIncomeLoss,,,47456000.0,CashAndCashEquivalentsAtCarryingValue,,0001193125-10-248699,10-Q,2010-11-05,"EchoStar figures before 2024 predate the Dec 2023 DISH Network reverse merger; depending on which filing a figure was pulled from, it may reflect the small pre-merger Hughes-only entity or DISH's history recast in as accounting acquirer -- not reliably comparable across this boundary. See README.md."
EchoStar Corporation,ECHO,0001415404,2009,Q4,2009-10-01,2009-12-31,,,,,392163000.0,LongTermDebtAndCapitalLeaseObligations,23330000.0,CashAndCashEquivalentsAtCarryingValue,,0001193125-11-044057,10-K,2011-02-24,"EchoStar figures before 2024 predate the Dec 2023 DISH Network reverse merger; depending on which filing a figure was pulled from, it may reflect the small pre-merger Hughes-only entity or DISH's history recast in as accounting acquirer -- not reliably comparable across this boundary. See README.md."
EchoStar Corporation,ECHO,0001415404,2010,Q1,2010-01-01,2010-03-31,627080000.0,SalesRevenueNet,40766000.0,OperatingIncomeLoss,,,163615000.0,CashAndCashEquivalentsAtCarryingValue,,0001104659-12-016268,10-K,2012-03-07,"EchoStar figures before 2024 predate the Dec 2023 DISH Network reverse merger; depending on which filing a figure was pulled from, it may reflect the small pre-merger Hughes-only entity or DISH's history recast in as accounting acquirer -- not reliably comparable across this boundary. See README.md."
EchoStar Corporation,ECHO,0001415404,2010,Q2,2010-04-01,2010-06-30,603049000.0,SalesRevenueNet,31313000.0,OperatingIncomeLoss,382357000.0,LongTermDebtAndCapitalLeaseObligations,122318000.0,CashAndCashEquivalentsAtCarryingValue,,0001104659-12-016268,10-K,2012-03-07,"EchoStar figures before 2024 predate the Dec 2023 DISH Network reverse merger; depending on which filing a figure was pulled from, it may reflect the small pre-merger Hughes-only entity or DISH's history recast in as accounting acquirer -- not reliably comparable across this boundary. See README.md."
EchoStar Corporation,ECHO,0001415404,2010,Q3,2010-07-01,2010-09-30,607040000.0,SalesRevenueNet,38603000.0,OperatingIncomeLoss,364674000.0,LongTermDebtAndCapitalLeaseObligations,116704000.0,CashAndCashEquivalentsAtCarryingValue,,0001104659-12-016268,10-K,2012-03-07,"EchoStar figures before 2024 predate the Dec 2023 DISH Network reverse merger; depending on which filing a figure was pulled from, it may reflect the small pre-merger Hughes-only entity or DISH's history recast in as accounting acquirer -- not reliably comparable across this boundary. See README.md."
EchoStar Corporation,ECHO,0001415404,2010,Q4,2010-10-01,2010-12-31,513200000.0,derived:FY(SalesRevenueNet)-Q1-Q3,31643000.0,derived:FY(OperatingIncomeLoss)-Q1-Q3,412885000.0,DebtAndCapitalLeaseObligations,141814000.0,CashAndCashEquivalentsAtCarryingValue,,0001104659-13-011985,10-K,2013-02-20,"EchoStar figures before 2024 predate the Dec 2023 DISH Network reverse merger; depending on which filing a figure was pulled from, it may reflect the small pre-merger Hughes-only entity or DISH's history recast in as accounting acquirer -- not reliably comparable across this boundary. See README.md."
EchoStar Corporation,ECHO,0001415404,2011,Q1,2011-01-01,2011-03-31,479826000.0,SalesRevenueNet,10848000.0,OperatingIncomeLoss,354534000.0,LongTermDebtAndCapitalLeaseObligations,121596000.0,CashAndCashEquivalentsAtCarryingValue,,0001104659-13-011985,10-K,2013-02-20,"EchoStar figures before 2024 predate the Dec 2023 DISH Network reverse merger; depending on which filing a figure was pulled from, it may reflect the small pre-merger Hughes-only entity or DISH's history recast in as accounting acquirer -- not reliably comparable across this boundary. See README.md."
EchoStar Corporation,ECHO,0001415404,2011,Q2,2011-04-01,2011-06-30,584233000.0,SalesRevenueNet,45821000.0,OperatingIncomeLoss,2405606000.0,DebtAndCapitalLeaseObligations,330163000.0,CashAndCashEquivalentsAtCarryingValue,,0001104659-13-011985,10-K,2013-02-20,"EchoStar figures before 2024 predate the Dec 2023 DISH Network reverse merger; depending on which filing a figure was pulled from, it may reflect the small pre-merger Hughes-only entity or DISH's history recast in as accounting acquirer -- not reliably comparable across this boundary. See README.md."
EchoStar Corporation,ECHO,0001415404,2011,Q3,2011-07-01,2011-09-30,863163000.0,SalesRevenueNet,22266000.0,OperatingIncomeLoss,2397639000.0,DebtAndCapitalLeaseObligations,640806000.0,CashAndCashEquivalentsAtCarryingValue,,0001104659-13-011985,10-K,2013-02-20,"EchoStar figures before 2024 predate the Dec 2023 DISH Network reverse merger; depending on which filing a figure was pulled from, it may reflect the small pre-merger Hughes-only entity or DISH's history recast in as accounting acquirer -- not reliably comparable across this boundary. See README.md."
EchoStar Corporation,ECHO,0001415404,2011,Q4,2011-10-01,2011-12-31,834209000.0,derived:FY(SalesRevenueNet)-Q1-Q3,1903000.0,derived:FY(OperatingIncomeLoss)-Q1-Q3,2528654000.0,DebtAndCapitalLeaseObligations,614035000.0,CashAndCashEquivalentsAtCarryingValue,,0001047469-14-001113,10-K,2014-02-21,"EchoStar figures before 2024 predate the Dec 2023 DISH Network reverse merger; depending on which filing a figure was pulled from, it may reflect the small pre-merger Hughes-only entity or DISH's history recast in as accounting acquirer -- not reliably comparable across this boundary. See README.md."
EchoStar Corporation,ECHO,0001415404,2012,Q1,2012-01-01,2012-03-31,764780000.0,SalesRevenueNet,29410000.0,OperatingIncomeLoss,2545684000.0,DebtAndCapitalLeaseObligations,629094000.0,CashAndCashEquivalentsAtCarryingValue,,0001047469-14-001113,10-K,2014-02-21,"EchoStar figures before 2024 predate the Dec 2023 DISH Network reverse merger; depending on which filing a figure was pulled from, it may reflect the small pre-merger Hughes-only entity or DISH's history recast in as accounting acquirer -- not reliably comparable across this boundary. See README.md."
EchoStar Corporation,ECHO,0001415404,2012,Q2,2012-04-01,2012-06-30,806004000.0,SalesRevenueNet,45933000.0,OperatingIncomeLoss,2523933000.0,DebtAndCapitalLeaseObligations,633385000.0,CashAndCashEquivalentsAtCarryingValue,,0001047469-14-001113,10-K,2014-02-21,"EchoStar figures before 2024 predate the Dec 2023 DISH Network reverse merger; depending on which filing a figure was pulled from, it may reflect the small pre-merger Hughes-only entity or DISH's history recast in as accounting acquirer -- not reliably comparable across this boundary. See README.md."
EchoStar Corporation,ECHO,0001415404,2012,Q3,2012-07-01,2012-09-30,764721000.0,SalesRevenueNet,23880000.0,OperatingIncomeLoss,2497344000.0,DebtAndCapitalLeaseObligations,694464000.0,CashAndCashEquivalentsAtCarryingValue,,0001047469-14-001113,10-K,2014-02-21,"EchoStar figures before 2024 predate the Dec 2023 DISH Network reverse merger; depending on which filing a figure was pulled from, it may reflect the small pre-merger Hughes-only entity or DISH's history recast in as accounting acquirer -- not reliably comparable across this boundary. See README.md."
EchoStar Corporation,ECHO,0001415404,2012,Q4,2012-10-01,2012-12-31,786199000.0,derived:FY(SalesRevenueNet)-Q1-Q3,663000.0,derived:FY(OperatingIncomeLoss)-Q1-Q3,2488499000.0,DebtAndCapitalLeaseObligations,731614000.0,CashAndCashEquivalentsAtCarryingValue,,0001047469-15-000972,10-K,2015-02-20,"EchoStar figures before 2024 predate the Dec 2023 DISH Network reverse merger; depending on which filing a figure was pulled from, it may reflect the small pre-merger Hughes-only entity or DISH's history recast in as accounting acquirer -- not reliably comparable across this boundary. See README.md."
EchoStar Corporation,ECHO,0001415404,2013,Q1,2013-01-01,2013-03-31,795454000.0,SalesRevenueNet,23936000.0,OperatingIncomeLoss,2462678000.0,DebtAndCapitalLeaseObligations,737410000.0,CashAndCashEquivalentsAtCarryingValue,,0001047469-15-000972,10-K,2015-02-20,"EchoStar figures before 2024 predate the Dec 2023 DISH Network reverse merger; depending on which filing a figure was pulled from, it may reflect the small pre-merger Hughes-only entity or DISH's history recast in as accounting acquirer -- not reliably comparable across this boundary. See README.md."
EchoStar Corporation,ECHO,0001415404,2013,Q2,2013-04-01,2013-06-30,830003000.0,SalesRevenueNet,6088000.0,OperatingIncomeLoss,2445645000.0,DebtAndCapitalLeaseObligations,700134000.0,CashAndCashEquivalentsAtCarryingValue,,0001047469-15-000972,10-K,2015-02-20,"EchoStar figures before 2024 predate the Dec 2023 DISH Network reverse merger; depending on which filing a figure was pulled from, it may reflect the small pre-merger Hughes-only entity or DISH's history recast in as accounting acquirer -- not reliably comparable across this boundary. See README.md."
EchoStar Corporation,ECHO,0001415404,2013,Q3,2013-07-01,2013-09-30,848908000.0,SalesRevenueNet,40904000.0,OperatingIncomeLoss,2432783000.0,DebtAndCapitalLeaseObligations,821356000.0,CashAndCashEquivalentsAtCarryingValue,,0001047469-15-000972,10-K,2015-02-20,"EchoStar figures before 2024 predate the Dec 2023 DISH Network reverse merger; depending on which filing a figure was pulled from, it may reflect the small pre-merger Hughes-only entity or DISH's history recast in as accounting acquirer -- not reliably comparable across this boundary. See README.md."
EchoStar Corporation,ECHO,0001415404,2013,Q4,2013-10-01,2013-12-31,808087000.0,derived:FY(SalesRevenueNet)-Q1-Q3,32659000.0,derived:FY(OperatingIncomeLoss)-Q1-Q3,2422388000.0,DebtAndCapitalLeaseObligations,634119000.0,CashAndCashEquivalentsAtCarryingValue,,0001104659-16-099355,10-K,2016-02-24,"EchoStar figures before 2024 predate the Dec 2023 DISH Network reverse merger; depending on which filing a figure was pulled from, it may reflect the small pre-merger Hughes-only entity or DISH's history recast in as accounting acquirer -- not reliably comparable across this boundary. See README.md."
EchoStar Corporation,ECHO,0001415404,2014,Q1,2014-01-01,2014-03-31,826023000.0,SalesRevenueNet,59820000.0,OperatingIncomeLoss,2406603000.0,DebtAndCapitalLeaseObligations,702007000.0,CashAndCashEquivalentsAtCarryingValue,,0001104659-16-099355,10-K,2016-02-24,"EchoStar figures before 2024 predate the Dec 2023 DISH Network reverse merger; depending on which filing a figure was pulled from, it may reflect the small pre-merger Hughes-only entity or DISH's history recast in as accounting acquirer -- not reliably comparable across this boundary. See README.md."
EchoStar Corporation,ECHO,0001415404,2014,Q2,2014-04-01,2014-06-30,879828000.0,SalesRevenueNet,92470000.0,OperatingIncomeLoss,2390418000.0,DebtAndCapitalLeaseObligations,708257000.0,CashAndCashEquivalentsAtCarryingValue,,0001104659-16-099355,10-K,2016-02-24,"EchoStar figures before 2024 predate the Dec 2023 DISH Network reverse merger; depending on which filing a figure was pulled from, it may reflect the small pre-merger Hughes-only entity or DISH's history recast in as accounting acquirer -- not reliably comparable across this boundary. See README.md."
EchoStar Corporation,ECHO,0001415404,2014,Q3,2014-07-01,2014-09-30,895840000.0,SalesRevenueNet,92277000.0,OperatingIncomeLoss,2377269000.0,DebtAndCapitalLeaseObligations,760391000.0,CashAndCashEquivalentsAtCarryingValue,,0001104659-16-099355,10-K,2016-02-24,"EchoStar figures before 2024 predate the Dec 2023 DISH Network reverse merger; depending on which filing a figure was pulled from, it may reflect the small pre-merger Hughes-only entity or DISH's history recast in as accounting acquirer -- not reliably comparable across this boundary. See README.md."
EchoStar Corporation,ECHO,0001415404,2014,Q4,2014-10-01,2014-12-31,843887000.0,derived:FY(SalesRevenueNet)-Q1-Q3,83523000.0,derived:FY(OperatingIncomeLoss)-Q1-Q3,2367687000.0,DebtAndCapitalLeaseObligations,549053000.0,CashAndCashEquivalentsAtCarryingValue,,0001415404-17-000010,10-K,2017-02-24,"EchoStar figures before 2024 predate the Dec 2023 DISH Network reverse merger; depending on which filing a figure was pulled from, it may reflect the small pre-merger Hughes-only entity or DISH's history recast in as accounting acquirer -- not reliably comparable across this boundary. See README.md."
EchoStar Corporation,ECHO,0001415404,2015,Q1,2015-01-01,2015-03-31,798653000.0,SalesRevenueNet,81205000.0,OperatingIncomeLoss,2351553000.0,DebtAndCapitalLeaseObligations,591506000.0,CashAndCashEquivalentsAtCarryingValue,,0001415404-17-000010,10-K,2017-02-24,"EchoStar figures before 2024 predate the Dec 2023 DISH Network reverse merger; depending on which filing a figure was pulled from, it may reflect the small pre-merger Hughes-only entity or DISH's history recast in as accounting acquirer -- not reliably comparable across this boundary. See README.md."
EchoStar Corporation,ECHO,0001415404,2015,Q2,2015-04-01,2015-06-30,793595000.0,SalesRevenueNet,94348000.0,OperatingIncomeLoss,2234003000.0,DebtAndCapitalLeaseObligations,502010000.0,CashAndCashEquivalentsAtCarryingValue,,0001415404-17-000010,10-K,2017-02-24,"EchoStar figures before 2024 predate the Dec 2023 DISH Network reverse merger; depending on which filing a figure was pulled from, it may reflect the small pre-merger Hughes-only entity or DISH's history recast in as accounting acquirer -- not reliably comparable across this boundary. See README.md."
EchoStar Corporation,ECHO,0001415404,2015,Q3,2015-07-01,2015-09-30,760879000.0,SalesRevenueNet,88607000.0,OperatingIncomeLoss,2228213000.0,DebtAndCapitalLeaseObligations,779105000.0,CashAndCashEquivalentsAtCarryingValue,,0001415404-17-000010,10-K,2017-02-24,"EchoStar figures before 2024 predate the Dec 2023 DISH Network reverse merger; depending on which filing a figure was pulled from, it may reflect the small pre-merger Hughes-only entity or DISH's history recast in as accounting acquirer -- not reliably comparable across this boundary. See README.md."
EchoStar Corporation,ECHO,0001415404,2015,Q4,2015-10-01,2015-12-31,-504270000.0,derived:FY(SalesRevenueNet)-Q1-Q3,9605000.0,derived:FY(OperatingIncomeLoss)-Q1-Q3,1859527000.0,LongTermDebt,924240000.0,CashAndCashEquivalentsAtCarryingValue,,0001415404-18-000005,10-K,2018-02-22,"EchoStar figures before 2024 predate the Dec 2023 DISH Network reverse merger; depending on which filing a figure was pulled from, it may reflect the small pre-merger Hughes-only entity or DISH's history recast in as accounting acquirer -- not reliably comparable across this boundary. See README.md."
EchoStar Corporation,ECHO,0001415404,2016,Q1,2016-01-01,2016-03-31,431974000.0,SalesRevenueNet,65730000.0,OperatingIncomeLoss,2186803000.0,DebtAndCapitalLeaseObligations,898816000.0,CashAndCashEquivalentsAtCarryingValue,,0001415404-18-000005,10-K,2018-02-22,"EchoStar figures before 2024 predate the Dec 2023 DISH Network reverse merger; depending on which filing a figure was pulled from, it may reflect the small pre-merger Hughes-only entity or DISH's history recast in as accounting acquirer -- not reliably comparable across this boundary. See README.md."
EchoStar Corporation,ECHO,0001415404,2016,Q2,2016-04-01,2016-06-30,442658000.0,SalesRevenueNet,75431000.0,OperatingIncomeLoss,2182973000.0,DebtAndCapitalLeaseObligations,761840000.0,CashAndCashEquivalentsAtCarryingValue,,0001415404-18-000005,10-K,2018-02-22,"EchoStar figures before 2024 predate the Dec 2023 DISH Network reverse merger; depending on which filing a figure was pulled from, it may reflect the small pre-merger Hughes-only entity or DISH's history recast in as accounting acquirer -- not reliably comparable across this boundary. See README.md."
EchoStar Corporation,ECHO,0001415404,2016,Q3,2016-07-01,2016-09-30,460046000.0,SalesRevenueNet,76602000.0,OperatingIncomeLoss,3356384000.0,LongTermDebt,2215708000.0,CashAndCashEquivalentsAtCarryingValue,,0001415404-18-000005,10-K,2018-02-22,"EchoStar figures before 2024 predate the Dec 2023 DISH Network reverse merger; depending on which filing a figure was pulled from, it may reflect the small pre-merger Hughes-only entity or DISH's history recast in as accounting acquirer -- not reliably comparable across this boundary. See README.md."
EchoStar Corporation,ECHO,0001415404,2016,Q4,2016-10-01,2016-12-31,475788000.0,derived:FY(RevenueFromContractWithCustomerExcludingAssessedTax)-Q1-Q3,78400000.0,derived:FY(OperatingIncomeLoss)-Q1-Q3,3358179000.0,LongTermDebt,2571143000.0,CashAndCashEquivalentsAtCarryingValue,,0001415404-19-000003,10-K,2019-02-21,"EchoStar figures before 2024 predate the Dec 2023 DISH Network reverse merger; depending on which filing a figure was pulled from, it may reflect the small pre-merger Hughes-only entity or DISH's history recast in as accounting acquirer -- not reliably comparable across this boundary. See README.md."
EchoStar Corporation,ECHO,0001415404,2017,Q1,2017-01-01,2017-03-31,433151000.0,RevenueFromContractWithCustomerExcludingAssessedTax,51651000.0,OperatingIncomeLoss,3360579000.0,LongTermDebt,2799545000.0,CashAndCashEquivalentsAtCarryingValue,,0001415404-19-000003,10-K,2019-02-21,"EchoStar figures before 2024 predate the Dec 2023 DISH Network reverse merger; depending on which filing a figure was pulled from, it may reflect the small pre-merger Hughes-only entity or DISH's history recast in as accounting acquirer -- not reliably comparable across this boundary. See README.md."
EchoStar Corporation,ECHO,0001415404,2017,Q2,2017-04-01,2017-06-30,465076000.0,RevenueFromContractWithCustomerExcludingAssessedTax,45890000.0,OperatingIncomeLoss,3361899000.0,LongTermDebt,2985062000.0,CashAndCashEquivalentsAtCarryingValue,,0001415404-19-000003,10-K,2019-02-21,"EchoStar figures before 2024 predate the Dec 2023 DISH Network reverse merger; depending on which filing a figure was pulled from, it may reflect the small pre-merger Hughes-only entity or DISH's history recast in as accounting acquirer -- not reliably comparable across this boundary. See README.md."
EchoStar Corporation,ECHO,0001415404,2017,Q3,2017-07-01,2017-09-30,481233000.0,RevenueFromContractWithCustomerExcludingAssessedTax,56414000.0,OperatingIncomeLoss,3363244000.0,LongTermDebt,2798359000.0,CashAndCashEquivalentsAtCarryingValue,,0001415404-19-000003,10-K,2019-02-21,"EchoStar figures before 2024 predate the Dec 2023 DISH Network reverse merger; depending on which filing a figure was pulled from, it may reflect the small pre-merger Hughes-only entity or DISH's history recast in as accounting acquirer -- not reliably comparable across this boundary. See README.md."
EchoStar Corporation,ECHO,0001415404,2017,Q4,2017-10-01,2017-12-31,145695000.0,derived:FY(RevenueFromContractWithCustomerExcludingAssessedTax)-Q1-Q3,-123393000.0,derived:FY(OperatingIncomeLoss [RECAST])-Q1-Q3,3365143000.0,LongTermDebt,2431456000.0,CashAndCashEquivalentsAtCarryingValue,,0001415404-20-000005,10-K,2020-02-20,"EchoStar figures before 2024 predate the Dec 2023 DISH Network reverse merger; depending on which filing a figure was pulled from, it may reflect the small pre-merger Hughes-only entity or DISH's history recast in as accounting acquirer -- not reliably comparable across this boundary. See README.md."
EchoStar Corporation,ECHO,0001415404,2018,Q1,2018-01-01,2018-03-31,413832000.0,RevenueFromContractWithCustomerExcludingAssessedTax,15608000.0,OperatingIncomeLoss [RECAST],3367078000.0,LongTermDebt,2239591000.0,CashAndCashEquivalentsAtCarryingValue,,0001415404-20-000005,10-K,2020-02-20,"EchoStar figures before 2024 predate the Dec 2023 DISH Network reverse merger; depending on which filing a figure was pulled from, it may reflect the small pre-merger Hughes-only entity or DISH's history recast in as accounting acquirer -- not reliably comparable across this boundary. See README.md."
EchoStar Corporation,ECHO,0001415404,2018,Q2,2018-04-01,2018-06-30,438549000.0,RevenueFromContractWithCustomerExcludingAssessedTax,32977000.0,OperatingIncomeLoss [RECAST],3369048000.0,LongTermDebt,1793053000.0,CashAndCashEquivalentsAtCarryingValue,,0001415404-20-000005,10-K,2020-02-20,"EchoStar figures before 2024 predate the Dec 2023 DISH Network reverse merger; depending on which filing a figure was pulled from, it may reflect the small pre-merger Hughes-only entity or DISH's history recast in as accounting acquirer -- not reliably comparable across this boundary. See README.md."
EchoStar Corporation,ECHO,0001415404,2018,Q3,2018-07-01,2018-09-30,456274000.0,RevenueFromContractWithCustomerExcludingAssessedTax,38328000.0,OperatingIncomeLoss,3371053000.0,LongTermDebt,1597295000.0,CashAndCashEquivalentsAtCarryingValue,,0001415404-20-000005,10-K,2020-02-20,"EchoStar figures before 2024 predate the Dec 2023 DISH Network reverse merger; depending on which filing a figure was pulled from, it may reflect the small pre-merger Hughes-only entity or DISH's history recast in as accounting acquirer -- not reliably comparable across this boundary. See README.md."
EchoStar Corporation,ECHO,0001415404,2018,Q4,2018-10-01,2018-12-31,453983000.0,derived:FY(RevenueFromContractWithCustomerExcludingAssessedTax)-Q1-Q3,-50776000.0,derived:FY(OperatingIncomeLoss [RECAST])-Q1-Q3,3305784000.0,LongTermDebtAndCapitalLeaseObligationsIncludingCurrentMaturities,928306000.0,CashAndCashEquivalentsAtCarryingValue,,0001415404-21-000005,10-K,2021-02-23,"EchoStar figures before 2024 predate the Dec 2023 DISH Network reverse merger; depending on which filing a figure was pulled from, it may reflect the small pre-merger Hughes-only entity or DISH's history recast in as accounting acquirer -- not reliably comparable across this boundary. See README.md."
EchoStar Corporation,ECHO,0001415404,2019,Q1,2019-01-01,2019-03-31,454382000.0,RevenueFromContractWithCustomerExcludingAssessedTax,28048000.0,OperatingIncomeLoss [RECAST],3298120000.0,LongTermDebt,1349724000.0,CashAndCashEquivalentsAtCarryingValue,,0001415404-21-000005,10-K,2021-02-23,"EchoStar figures before 2024 predate the Dec 2023 DISH Network reverse merger; depending on which filing a figure was pulled from, it may reflect the small pre-merger Hughes-only entity or DISH's history recast in as accounting acquirer -- not reliably comparable across this boundary. See README.md."
EchoStar Corporation,ECHO,0001415404,2019,Q2,2019-04-01,2019-06-30,460431000.0,RevenueFromContractWithCustomerExcludingAssessedTax,-4661000.0,OperatingIncomeLoss [RECAST],2596034000.0,LongTermDebtAndCapitalLeaseObligationsIncludingCurrentMaturities,1298005000.0,CashAndCashEquivalentsAtCarryingValue,,0001415404-21-000005,10-K,2021-02-23,"EchoStar figures before 2024 predate the Dec 2023 DISH Network reverse merger; depending on which filing a figure was pulled from, it may reflect the small pre-merger Hughes-only entity or DISH's history recast in as accounting acquirer -- not reliably comparable across this boundary. See README.md."
EchoStar Corporation,ECHO,0001415404,2019,Q3,2019-07-01,2019-09-30,472262000.0,RevenueFromContractWithCustomerExcludingAssessedTax,26093000.0,OperatingIncomeLoss,2389338000.0,LongTermDebtAndCapitalLeaseObligationsIncludingCurrentMaturities,1547162000.0,CashAndCashEquivalentsAtCarryingValue,,0001415404-21-000005,10-K,2021-02-23,"EchoStar figures before 2024 predate the Dec 2023 DISH Network reverse merger; depending on which filing a figure was pulled from, it may reflect the small pre-merger Hughes-only entity or DISH's history recast in as accounting acquirer -- not reliably comparable across this boundary. See README.md."
EchoStar Corporation,ECHO,0001415404,2019,Q4,2019-10-01,2019-12-31,499006000.0,derived:FY(RevenueFromContractWithCustomerExcludingAssessedTax)-Q1-Q3,23597000.0,derived:FY(OperatingIncomeLoss)-Q1-Q3,2389168000.0,LongTermDebt,1519431000.0,CashAndCashEquivalentsAtCarryingValue,,0001415404-22-000005,10-K,2022-02-24,"EchoStar figures before 2024 predate the Dec 2023 DISH Network reverse merger; depending on which filing a figure was pulled from, it may reflect the small pre-merger Hughes-only entity or DISH's history recast in as accounting acquirer -- not reliably comparable across this boundary. See README.md."
EchoStar Corporation,ECHO,0001415404,2020,Q1,2020-01-01,2020-03-31,465666000.0,RevenueFromContractWithCustomerExcludingAssessedTax,10603000.0,OperatingIncomeLoss,2390218000.0,LongTermDebt,1599025000.0,CashAndCashEquivalentsAtCarryingValue,,0001415404-21-000025,10-Q,2021-05-06,"EchoStar figures before 2024 predate the Dec 2023 DISH Network reverse merger; depending on which filing a figure was pulled from, it may reflect the small pre-merger Hughes-only entity or DISH's history recast in as accounting acquirer -- not reliably comparable across this boundary. See README.md."
EchoStar Corporation,ECHO,0001415404,2020,Q2,2020-04-01,2020-06-30,459466000.0,RevenueFromContractWithCustomerExcludingAssessedTax,34772000.0,OperatingIncomeLoss,2391288000.0,LongTermDebt,1948464000.0,CashAndCashEquivalentsAtCarryingValue,,0001415404-21-000056,10-Q,2021-08-03,"EchoStar figures before 2024 predate the Dec 2023 DISH Network reverse merger; depending on which filing a figure was pulled from, it may reflect the small pre-merger Hughes-only entity or DISH's history recast in as accounting acquirer -- not reliably comparable across this boundary. See README.md."
EchoStar Corporation,ECHO,0001415404,2020,Q3,2020-07-01,2020-09-30,473502000.0,RevenueFromContractWithCustomerExcludingAssessedTax,36990000.0,OperatingIncomeLoss,2392381000.0,LongTermDebt,555550000.0,CashAndCashEquivalentsAtCarryingValue,,0001415404-21-000059,10-Q,2021-11-09,"EchoStar figures before 2024 predate the Dec 2023 DISH Network reverse merger; depending on which filing a figure was pulled from, it may reflect the small pre-merger Hughes-only entity or DISH's history recast in as accounting acquirer -- not reliably comparable across this boundary. See README.md."
EchoStar Corporation,ECHO,0001415404,2020,Q4,2020-10-01,2020-12-31,489273000.0,derived:FY(RevenueFromContractWithCustomerExcludingAssessedTax)-Q1-Q3,30108000.0,derived:FY(OperatingIncomeLoss)-Q1-Q3,2393493000.0,LongTermDebt,896005000.0,CashAndCashEquivalentsAtCarryingValue,,0001415404-23-000005,10-K,2023-02-23,"EchoStar figures before 2024 predate the Dec 2023 DISH Network reverse merger; depending on which filing a figure was pulled from, it may reflect the small pre-merger Hughes-only entity or DISH's history recast in as accounting acquirer -- not reliably comparable across this boundary. See README.md."
EchoStar Corporation,ECHO,0001415404,2021,Q1,2021-01-01,2021-03-31,482582000.0,RevenueFromContractWithCustomerExcludingAssessedTax,53462000.0,OperatingIncomeLoss,2304194000.0,LongTermDebt,1583747000.0,CashAndCashEquivalentsAtCarryingValue,,0001415404-22-000042,10-Q,2022-05-05,"EchoStar figures before 2024 predate the Dec 2023 DISH Network reverse merger; depending on which filing a figure was pulled from, it may reflect the small pre-merger Hughes-only entity or DISH's history recast in as accounting acquirer -- not reliably comparable across this boundary. See README.md."
EchoStar Corporation,ECHO,0001415404,2021,Q2,2021-04-01,2021-06-30,499834000.0,RevenueFromContractWithCustomerExcludingAssessedTax,65308000.0,OperatingIncomeLoss,1495619000.0,LongTermDebt,716522000.0,CashAndCashEquivalentsAtCarryingValue,,0001415404-22-000070,10-Q,2022-08-04,"EchoStar figures before 2024 predate the Dec 2023 DISH Network reverse merger; depending on which filing a figure was pulled from, it may reflect the small pre-merger Hughes-only entity or DISH's history recast in as accounting acquirer -- not reliably comparable across this boundary. See README.md."
EchoStar Corporation,ECHO,0001415404,2021,Q3,2021-07-01,2021-09-30,504660000.0,RevenueFromContractWithCustomerExcludingAssessedTax,62597000.0,OperatingIncomeLoss,1495805000.0,LongTermDebt,429656000.0,CashAndCashEquivalentsAtCarryingValue,,0001415404-22-000080,10-Q,2022-11-03,"EchoStar figures before 2024 predate the Dec 2023 DISH Network reverse merger; depending on which filing a figure was pulled from, it may reflect the small pre-merger Hughes-only entity or DISH's history recast in as accounting acquirer -- not reliably comparable across this boundary. See README.md."
EchoStar Corporation,ECHO,0001415404,2021,Q4,2021-10-01,2021-12-31,18331602000.0,derived:FY(RevenueFromContractWithCustomerExcludingAssessedTax [RECAST])-Q1-Q3,3241037000.0,derived:FY(OperatingIncomeLoss [RECAST])-Q1-Q3,1495994000.0,LongTermDebt,535894000.0,CashAndCashEquivalentsAtCarryingValue,,0001558370-24-002209,10-K,2024-02-29,"EchoStar figures before 2024 predate the Dec 2023 DISH Network reverse merger; depending on which filing a figure was pulled from, it may reflect the small pre-merger Hughes-only entity or DISH's history recast in as accounting acquirer -- not reliably comparable across this boundary. See README.md."
EchoStar Corporation,ECHO,0001415404,2022,Q1,2022-01-01,2022-03-31,4820832000.0,RevenueFromContractWithCustomerExcludingAssessedTax [RECAST],594440000.0,OperatingIncomeLoss [RECAST],1496185000.0,LongTermDebt,889199000.0,CashAndCashEquivalentsAtCarryingValue,,0001558370-24-002209,10-K,2024-02-29,"EchoStar figures before 2024 predate the Dec 2023 DISH Network reverse merger; depending on which filing a figure was pulled from, it may reflect the small pre-merger Hughes-only entity or DISH's history recast in as accounting acquirer -- not reliably comparable across this boundary. See README.md."
EchoStar Corporation,ECHO,0001415404,2022,Q2,2022-04-01,2022-06-30,4698483000.0,RevenueFromContractWithCustomerExcludingAssessedTax [RECAST],738535000.0,OperatingIncomeLoss [RECAST],1496379000.0,LongTermDebt,991595000.0,CashAndCashEquivalentsAtCarryingValue,,0001558370-24-002209,10-K,2024-02-29,"EchoStar figures before 2024 predate the Dec 2023 DISH Network reverse merger; depending on which filing a figure was pulled from, it may reflect the small pre-merger Hughes-only entity or DISH's history recast in as accounting acquirer -- not reliably comparable across this boundary. See README.md."
EchoStar Corporation,ECHO,0001415404,2022,Q3,2022-07-01,2022-09-30,4581914000.0,RevenueFromContractWithCustomerExcludingAssessedTax [RECAST],472349000.0,OperatingIncomeLoss [RECAST],1496578000.0,LongTermDebt,901269000.0,CashAndCashEquivalentsAtCarryingValue,,0001558370-24-002209,10-K,2024-02-29,"EchoStar figures before 2024 predate the Dec 2023 DISH Network reverse merger; depending on which filing a figure was pulled from, it may reflect the small pre-merger Hughes-only entity or DISH's history recast in as accounting acquirer -- not reliably comparable across this boundary. See README.md."
EchoStar Corporation,ECHO,0001415404,2022,Q4,2022-10-01,2022-12-31,4533017000.0,derived:FY(RevenueFromContractWithCustomerExcludingAssessedTax [RECAST])-Q1-Q3,427514000.0,derived:FY(OperatingIncomeLoss [RECAST])-Q1-Q3,1496777000.0,LongTermDebt,2497536000.0,CashAndCashEquivalentsAtCarryingValue [RECAST],,0001558370-25-001663,10-K,2025-02-27,"EchoStar figures before 2024 predate the Dec 2023 DISH Network reverse merger; depending on which filing a figure was pulled from, it may reflect the small pre-merger Hughes-only entity or DISH's history recast in as accounting acquirer -- not reliably comparable across this boundary. See README.md."
EchoStar Corporation,ECHO,0001415404,2023,Q1,2023-01-01,2023-03-31,4387666000.0,RevenueFromContractWithCustomerExcludingAssessedTax [RECAST],353338000.0,OperatingIncomeLoss [RECAST],1496981000.0,LongTermDebt,920105000.0,CashAndCashEquivalentsAtCarryingValue,,0001558370-24-007171,10-Q,2024-05-08,"EchoStar figures before 2024 predate the Dec 2023 DISH Network reverse merger; depending on which filing a figure was pulled from, it may reflect the small pre-merger Hughes-only entity or DISH's history recast in as accounting acquirer -- not reliably comparable across this boundary. See README.md."
EchoStar Corporation,ECHO,0001415404,2023,Q2,2023-04-01,2023-06-30,4356462000.0,RevenueFromContractWithCustomerExcludingAssessedTax [RECAST],252229000.0,OperatingIncomeLoss [RECAST],1497187000.0,LongTermDebt,702055000.0,CashAndCashEquivalentsAtCarryingValue,,0001558370-24-011672,10-Q,2024-08-09,"EchoStar figures before 2024 predate the Dec 2023 DISH Network reverse merger; depending on which filing a figure was pulled from, it may reflect the small pre-merger Hughes-only entity or DISH's history recast in as accounting acquirer -- not reliably comparable across this boundary. See README.md."
EchoStar Corporation,ECHO,0001415404,2023,Q3,2023-07-01,2023-09-30,4108874000.0,RevenueFromContractWithCustomerExcludingAssessedTax [RECAST],-31349000.0,OperatingIncomeLoss,1497396000.0,LongTermDebt,1094531000.0,CashAndCashEquivalentsAtCarryingValue,,0001558370-24-015122,10-Q,2024-11-12,"EchoStar figures before 2024 predate the Dec 2023 DISH Network reverse merger; depending on which filing a figure was pulled from, it may reflect the small pre-merger Hughes-only entity or DISH's history recast in as accounting acquirer -- not reliably comparable across this boundary. See README.md."
EchoStar Corporation,ECHO,0001415404,2023,Q4,2023-10-01,2023-12-31,4162596000.0,derived:FY(RevenueFromContractWithCustomerExcludingAssessedTax)-Q1-Q3,-852127000.0,derived:FY(OperatingIncomeLoss)-Q1-Q3,22763920000.0,DebtAndCapitalLeaseObligations,1821376000.0,CashAndCashEquivalentsAtCarryingValue,,0001104659-26-021817,10-K,2026-03-02,"EchoStar figures before 2024 predate the Dec 2023 DISH Network reverse merger; depending on which filing a figure was pulled from, it may reflect the small pre-merger Hughes-only entity or DISH's history recast in as accounting acquirer -- not reliably comparable across this boundary. See README.md."
EchoStar Corporation,ECHO,0001415404,2024,Q1,2024-01-01,2024-03-31,4014843000.0,RevenueFromContractWithCustomerExcludingAssessedTax,-15244000.0,OperatingIncomeLoss,951000000.0,LongTermDebt,613702000.0,CashAndCashEquivalentsAtCarryingValue,,0001558370-25-007050,10-Q,2025-05-09,
EchoStar Corporation,ECHO,0001415404,2024,Q2,2024-04-01,2024-06-30,3952751000.0,RevenueFromContractWithCustomerExcludingAssessedTax,-65369000.0,OperatingIncomeLoss,21761627000.0,DebtAndCapitalLeaseObligations,419246000.0,CashAndCashEquivalentsAtCarryingValue,,0001558370-25-009923,10-Q,2025-08-01,
EchoStar Corporation,ECHO,0001415404,2024,Q3,2024-07-01,2024-09-30,3890984000.0,RevenueFromContractWithCustomerExcludingAssessedTax,-160767000.0,OperatingIncomeLoss,24077548000.0,DebtAndCapitalLeaseObligations,622608000.0,CashAndCashEquivalentsAtCarryingValue,,0001104659-25-107277,10-Q,2025-11-06,
EchoStar Corporation,ECHO,0001415404,2024,Q4,2024-10-01,2024-12-31,3966938000.0,derived:FY(RevenueFromContractWithCustomerExcludingAssessedTax)-Q1-Q3,-62690000.0,derived:FY(OperatingIncomeLoss)-Q1-Q3,26603317000.0,DebtAndCapitalLeaseObligations,4305393000.0,CashAndCashEquivalentsAtCarryingValue,,0001104659-26-021817,10-K,2026-03-02,
EchoStar Corporation,ECHO,0001415404,2025,Q1,2025-01-01,2025-03-31,3869758000.0,RevenueFromContractWithCustomerExcludingAssessedTax,-88132000.0,OperatingIncomeLoss,26332758000.0,DebtAndCapitalLeaseObligations,2529878000.0,CashAndCashEquivalentsAtCarryingValue,,0001104659-26-058150,10-Q,2026-05-11,
EchoStar Corporation,ECHO,0001415404,2025,Q2,2025-04-01,2025-06-30,3724959000.0,RevenueFromContractWithCustomerExcludingAssessedTax,-213408000.0,OperatingIncomeLoss,26454918000.0,DebtAndCapitalLeaseObligations,2345085000.0,CashAndCashEquivalentsAtCarryingValue,,0001104659-26-089370,10-Q,2026-08-03,
EchoStar Corporation,ECHO,0001415404,2025,Q3,2025-07-01,2025-09-30,3614258000.0,RevenueFromContractWithCustomerExcludingAssessedTax,-16641875000.0,OperatingIncomeLoss,26310870000.0,DebtAndCapitalLeaseObligations,2431742000.0,CashAndCashEquivalentsAtCarryingValue,,0001104659-25-107277,10-Q,2025-11-06,
EchoStar Corporation,ECHO,0001415404,2025,Q4,2025-10-01,2025-12-31,3796014000.0,derived:FY(RevenueFromContractWithCustomerExcludingAssessedTax)-Q1-Q3,-779731000.0,derived:FY(OperatingIncomeLoss)-Q1-Q3,25979871000.0,DebtAndCapitalLeaseObligations,1883074000.0,CashAndCashEquivalentsAtCarryingValue,,0001104659-26-021817,10-K,2026-03-02,
EchoStar Corporation,ECHO,0001415404,2026,Q1,2026-01-01,2026-03-31,3667489000.0,RevenueFromContractWithCustomerExcludingAssessedTax,392847000.0,OperatingIncomeLoss,24252580000.0,DebtAndCapitalLeaseObligations,1343780000.0,CashAndCashEquivalentsAtCarryingValue,,0001104659-26-058150,10-Q,2026-05-11,
EchoStar Corporation,ECHO,0001415404,2026,Q2,2026-04-01,2026-06-30,3576164000.0,RevenueFromContractWithCustomerExcludingAssessedTax,512938000.0,OperatingIncomeLoss,17431703000.0,DebtAndCapitalLeaseObligations,439988000.0,CashAndCashEquivalentsAtCarryingValue,,0001104659-26-089370,10-Q,2026-08-03,
